{"exposure":0.0,"contrast":0.0,"brightness":0.0,"highlights":0.080000000000000002,"shadows":-0.12,"whites":0.11,"blacks":0.040000000000000001,"temperature":0.20999999999999999,"tint":-0.10000000000000001,"saturation":-0.040000000000000001,"vibrance":0.16,"vignette_amount":0.0,"vignette_radius":0.0,"vignette_feather":0.0,"grain_amount":0.0,"grain_size":6.0}